id,name,email,gender,phone
1,Chicky Cromb,ccromb0@unicef.org,Female,3213426779
2,Karl Pepys,kpepys1@friendfeed.com,Male,4126186523
3,Adelle Balls,aballs2@delicious.com,Female,3851252057
4,Kirbie Macconachy,kmacconachy3@howstuffworks.com,Female,7573391079
5,Sheila Death,sdeath4@dot.gov,Female,4323332113
6,Martina Mathieu,mmathieu5@ehow.com,Female,9971102977
7,De witt Deakes,dwitt6@elpais.com,Male,3765985355
8,Leonidas Swaysland,lswaysland7@japanpost.jp,Male,1437402164
9,Paige Egarr,pegarr8@delicious.com,Female,5016778882
10,Dion Sitford,dsitford9@networkadvertising.org,Male,2029601943
11,Erena Rigbye,erigbyea@va.gov,Female,1347856728
12,Terencio Ploughwright,tploughwrightb@lycos.com,Male,7876080231
13,Carlye Shea,csheac@yahoo.com,Female,8616287708
14,Tricia Whyard,twhyardd@fema.gov,Female,5826255808
15,Elva Torrejon,etorrejone@yellowpages.com,Female,7509357413
16,Karil Longfellow,klongfellowf@census.gov,Female,3712533376
17,Eziechiele Sibun,esibung@cdbaby.com,Male,4601035034
18,Hoyt Sargint,hsarginth@dmoz.org,Male,7466378640
19,Diego Straker,dstrakeri@hostgator.com,Male,1528176904
20,Susann Edelston,sedelstonj@economist.com,Female,3856343983
21,Kira Brik,kbrikk@chronoengine.com,Female,1743627053
22,Stanley Heineken,sheinekenl@dion.ne.jp,Male,3756881121
23,Teddie Kleinplatz,tkleinplatzm@mtv.com,Female,9675776375
24,Lemmy Le Barr,llen@mit.edu,Male,9439705718
25,Land Nockells,lnockellso@histats.com,Male,2239434641
26,Lenore de Guerre,ldep@github.com,Female,8508842378
27,Reyna Mollin,rmollinq@springer.com,Female,9034062531
28,Sigfrid Blum,sblumr@posterous.com,Male,4401117308
29,Maxy Tregido,mtregidos@nyu.edu,Female,3078212952
30,Nikos Salliere,nsallieret@abc.net.au,Male,8245275865
31,Dolli Arrandale,darrandaleu@usa.gov,Female,1023500859
32,Harbert Huzzey,hhuzzeyv@marketwatch.com,Male,8663671940
33,Armstrong Suart,asuartw@joomla.org,Male,8748083923
34,Osmond Walworth,owalworthx@comcast.net,Male,6826977533
35,Ertha McQuarter,emcquartery@myspace.com,Female,4348671463
36,Lillian Ferne,lfernez@weebly.com,Female,3557067212
37,Tessie Scholig,tscholig10@yale.edu,Female,1059708321
38,Hedwiga Tallquist,htallquist11@reuters.com,Female,6199878089
39,Gwennie Kornes,gkornes12@ustream.tv,Female,4507636446
40,April Rumke,arumke13@ibm.com,Female,6072848347
41,Thatch Boatright,tboatright14@upenn.edu,Male,7829833106
42,Roldan Eglese,reglese15@berkeley.edu,Male,6342312197
43,Frazer Ticic,fticic16@google.co.jp,Male,9965394868
44,June Gludor,jgludor17@rambler.ru,Female,7073496895
45,Cully Landa,clanda18@creativecommons.org,Male,4378368929
46,Samuele Deighton,sdeighton19@scribd.com,Male,2787811854
47,Farris Rowe,frowe1a@163.com,Male,1847846412
48,Eal Yole,eyole1b@tinypic.com,Male,9105436715
49,Forester Dawidsohn,fdawidsohn1c@netvibes.com,Male,9382494010
50,Janka Rickman,jrickman1d@shinystat.com,Female,3956637842
51,Worthington Phillimore,wphillimore1e@cam.ac.uk,Male,6076214511
52,Payton Sanham,psanham1f@typepad.com,Male,2114588288
53,Jaimie Blabber,jblabber1g@cornell.edu,Female,4629183876
54,Jane Kinde,jkinde1h@google.co.uk,Female,3994904551
55,Susana Seely,sseely1i@xrea.com,Female,3407448887
56,Tabitha Eastmead,teastmead1j@yelp.com,Female,1651970856
57,Currey Gilvear,cgilvear1k@gov.uk,Male,1112737078
58,Zia Oxtiby,zoxtiby1l@goo.ne.jp,Female,8569636058
59,Erin Harby,eharby1m@joomla.org,Male,5045886520
60,Cosimo Found,cfound1n@yale.edu,Male,1756858982
61,Terence Melross,tmelross1o@youku.com,Male,9247145859
62,Bettina Jiles,bjiles1p@wikimedia.org,Female,2426398000
63,Adolf Frederick,afrederick1q@a8.net,Male,5179981145
64,Eberto McBayne,emcbayne1r@pinterest.com,Male,2479254098
65,Gaelan Gatchel,ggatchel1s@bloomberg.com,Male,4867585469
66,Priscilla Reading,preading1t@illinois.edu,Female,4624614534
67,Salomo Basant,sbasant1u@engadget.com,Male,5542001928
68,Saleem Suttle,ssuttle1v@theatlantic.com,Male,6626241571
69,Farlee Slad,fslad1w@zdnet.com,Male,7249122014
70,Pernell Marsham,pmarsham1x@csmonitor.com,Male,3152286845
71,Abe Hagan,ahagan1y@wunderground.com,Male,3122702559
72,Scotti Hirthe,shirthe1z@mysql.com,Male,3713962880
73,Tait Wiggington,twiggington20@cnn.com,Male,9228510440
74,Mateo Droghan,mdroghan21@gnu.org,Male,8595192980
75,Ainslie Machin,amachin22@chronoengine.com,Female,5559024030
76,Cori Graffham,cgraffham23@shop-pro.jp,Male,6605236667
77,Lulita Salomon,lsalomon24@goodreads.com,Female,7257212245
78,Christa Shreeves,cshreeves25@dyndns.org,Female,6047922904
79,Augustus Heddy,aheddy26@cmu.edu,Male,3154745079
80,Ysabel Aris,yaris27@plala.or.jp,Female,8705347364
81,Aluin Swann,aswann28@marketwatch.com,Male,9239752869
82,Dalt Pegler,dpegler29@unesco.org,Male,1117713550
83,Prentice Bastone,pbastone2a@biblegateway.com,Male,6256750781
84,Kaylil Blakeborough,kblakeborough2b@opensource.org,Female,2726300252
85,Minetta Demsey,mdemsey2c@bizjournals.com,Female,9517655083
86,Glori Ciciura,gciciura2d@google.com,Female,1879997987
87,Don Tween,dtween2e@mit.edu,Male,2026877255
88,Clemmy Lotterington,clotterington2f@godaddy.com,Male,4637915141
89,Siegfried Kensy,skensy2g@cmu.edu,Male,8307992461
90,Debbie McCart,dmccart2h@wired.com,Female,7725505706
91,Hercules Stables,hstables2i@newyorker.com,Male,1458573051
92,Oswald Dalrymple,odalrymple2j@businessweek.com,Male,7049337145
93,Marlon Rowlings,mrowlings2k@washington.edu,Male,1215887805
94,Saxon Bonifas,sbonifas2l@friendfeed.com,Male,2122818296
95,Christalle Creak,ccreak2m@bandcamp.com,Female,9923165376
96,Shayna Dyment,sdyment2n@chron.com,Female,4272513321
97,Dimitri Sextone,dsextone2o@jalbum.net,Male,8685624499
98,Piper Francesconi,pfrancesconi2p@vinaora.com,Female,6967851086
99,Monica Taplow,mtaplow2q@aol.com,Female,6557537846
100,Kaleena Killingsworth,kkillingsworth2r@cloudflare.com,Female,4175253035